,a2_berm,a2_t,a2_$,a2_ppl,a2_weight,a3_piles,a3_t,a3_$,a3_ppl,a3_weight,a4_piers,a4_t,a4_$,a4_ppl,a4_weight,a5_girders,a5_t,a5_$,a5_ppl,a5_weight,a6_abut_base,a6_t,a6_$,a6_ppl,a6_weight,total_t,idle_t,ppl_$,mobilize_$,total_$,total_$_norm,total_t_norm,reward
0,0,64,1486848,10,242430,1,20,397760,18,153200,0,144,1943424.0,27,39900.0,0,51,898416,20,231838,0,30,826512.0,2,49652,343,34,276320,45834.479999999996,5048602.48,0.18069080259143433,0.16279069767441862,0.34348150026585295
1,1,68,1043936,5,189181,2,11,72776,8,104055,0,144,1943424.0,27,39900.0,0,51,898416,20,231838,1,16,280179.2,2,49652,357,53,243920,39008.79,4241480.79,0.5,0.0,0.5
2,0,64,1486848,10,242430,1,39,387816,9,76600,1,126,2742768.0,32,39900.0,1,40,568960,16,145919,0,30,826512.0,2,49652,314,15,259040,30237.75,5475669.75,0.011736716841159123,0.5,0.5117367168411591
3,0,64,1486848,10,242430,2,11,72776,8,104055,1,126,2742768.0,32,39900.0,1,40,568960,16,145919,0,30,826512.0,2,49652,320,49,256880,32183.1,5160415.1,0.13645608756060834,0.43023255813953487,0.5666886457001432
4,0,64,1486848,10,242430,2,11,72776,8,104055,1,126,2742768.0,32,39900.0,0,51,898416,20,231838,0,30,826512.0,2,49652,331,49,265520,39008.79,5505336.79,0.0,0.3023255813953488,0.3023255813953488
