,a2_berm,a2_t,a2_$,a2_ppl,a2_weight,a3_piles,a3_t,a3_$,a3_ppl,a3_weight,a4_piers,a4_t,a4_$,a4_ppl,a4_weight,a5_girders,a5_t,a5_$,a5_ppl,a5_weight,a6_abut_base,a6_t,a6_$,a6_ppl,a6_weight,total_t,idle_t,ppl_$,mobilize_$,total_$,total_$_norm,total_t_norm,reward
0,2,46,915584,5,269854,1,20,397760,18,153200,1,126,2742768.0,32,39900.0,0,51,898416,20,231838,2,11,266446.4,4,99304,328,55,280640,45834.479999999996,5281002.48,0.12286738641443101,0.09459459459459457,0.21746198100902558
1,0,64,1486848,10,242430,2,11,72776,8,104055,1,126,2742768.0,32,39900.0,1,40,568960,16,145919,0,30,826512.0,2,49652,298,27,256880,32183.1,5160415.1,0.16098056417060064,0.5,0.6609805641706006
2,0,64,1486848,10,242430,1,20,397760,18,153200,2,127,2894584.0,33,109600.0,1,40,568960,16,145919,0,30,826512.0,2,49652,315,34,280640,40954.14,5669746.14,0.0,0.2702702702702703,0.2702702702702703
3,1,68,1043936,5,189181,2,11,72776,8,104055,1,126,2742768.0,32,39900.0,1,40,568960,16,145919,1,16,280179.2,2,49652,326,51,246080,32183.1,4706703.1,0.30438202215158594,0.1216216216216216,0.42600364377320754
4,2,46,915584,5,269854,1,39,387816,9,76600,0,144,1943424.0,27,39900.0,1,40,568960,16,145919,2,11,266446.4,4,99304,335,36,241760,30237.75,4087781.75,0.5,0.0,0.5
